{
  "lang":"en",
  "name":"pipeline",
  "version":"0.0.0",
  "spacy_version":">=3.8.11,<3.9.0",
  "description":"",
  "author":"",
  "email":"",
  "url":"",
  "license":"",
  "spacy_git_version":"e7a662a",
  "vectors":{
    "width":0,
    "vectors":0,
    "keys":0,
    "name":null,
    "mode":"default"
  },
  "labels":{
    "transformer":[

    ],
    "ner":[
      "College Name",
      "Companies worked at",
      "Degree",
      "Designation",
      "Email Address",
      "Graduation Year",
      "Location",
      "Name",
      "Skills",
      "Years of Experience"
    ]
  },
  "pipeline":[
    "transformer",
    "ner"
  ],
  "components":[
    "transformer",
    "ner"
  ],
  "disabled":[

  ],
  "performance":{
    "ents_f":0.8777261351,
    "ents_p":0.8969674826,
    "ents_r":0.8592929646,
    "ents_per_type":{
      "Name":{
        "p":0.9653465347,
        "r":0.9653465347,
        "f":0.9653465347
      },
      "Designation":{
        "p":0.9345088161,
        "r":0.8607888631,
        "f":0.8961352657
      },
      "Companies worked at":{
        "p":0.842519685,
        "r":0.8656957929,
        "f":0.8539505188
      },
      "Location":{
        "p":0.9169054441,
        "r":0.8815426997,
        "f":0.8988764045
      },
      "Degree":{
        "p":0.8916666667,
        "r":0.9385964912,
        "f":0.9145299145
      },
      "Skills":{
        "p":0.8592592593,
        "r":0.6705202312,
        "f":0.7532467532
      },
      "Years of Experience":{
        "p":0.8611111111,
        "r":0.775,
        "f":0.8157894737
      },
      "Email Address":{
        "p":0.9289617486,
        "r":0.9826589595,
        "f":0.9550561798
      },
      "College Name":{
        "p":0.8888888889,
        "r":0.896,
        "f":0.8924302789
      },
      "Graduation Year":{
        "p":0.9421965318,
        "r":0.7951219512,
        "f":0.8624338624
      },
      "UNKNOWN":{
        "p":0.0,
        "r":0.0,
        "f":0.0
      }
    },
    "transformer_loss":3919.4307450465,
    "ner_loss":13681.5205078125
  }
}